student_id,name
1001,Kofi Pereira
1002,Elliot Park
1003,Amara Okonkwo
1004,Ravi Wojcik
1005,Perla Sorensen
1006,Maya Villanueva
1007,Juniper Sorensen
1008,Imani Ruiz
1009,Oskar Eriksen
1010,Giulia Farrugia
1011,Bilal Rasmussen
1012,Quinn Nakamura
1013,Wesley Dumont
1014,Hugo Brennan
1015,Yusuf Almeida
1016,Adrien Xu
1017,Freya Jankowski
1018,Vera Hollingsworth
1019,Sinead Sorensen
1020,Juniper Duarte
1021,Halima Volkov
1022,Gustav Volkov
1023,Esperanza Lombardi
1024,Priya Raghunathan
1025,Gustav Kalinowski
1026,Jian-Wei Chen
1027,Kwame Eriksen
1028,Dmitri Ustinov
1029,Wesley Gallardo
1030,Declan Haverford
1031,Hugo Castaneda
1032,Sofia Marchetti
1033,Halima Almeida
1034,Pavel Wainwright
1035,Jolanta Lindgren
1036,Kiran Mbeki
1037,Yosef Kaufman
1038,Vikram Zamora
1039,Jolanta Engström
1040,Yosef Dziedzic
1041,Ondine Ueda
1042,Yusuf Sandoval
1043,Fatima Oduya
1044,Marcus Webb
1045,Alina Fontaine
1046,Hugo Jimenez
1047,Noor Steinberg
1048,Wren Adeyemi
1049,Tamsin Tanaka
1050,Tobias Lindqvist
1051,Ravi Larsson
1052,Hana Kowalczyk
1053,Jonas Ashworth
1054,Bianca Wainwright
1055,Soren Haverford
1056,Malik Yamamoto
1057,Malik Espinosa
1058,Bilal Baptiste
1059,Nikolai Cortez
1060,Giulia Ohlsson
1061,Rania Lindgren
1062,Hana Jergensen
1063,Rosalind Achebe
1064,Ursula Fitzgerald
1065,Magnus Petrossian
1066,Jonas Zamora
1067,Heidi Kalinowski
1068,Ximena Farrugia
1069,Nadia Haddad
1070,Ingrid Novotny
1071,Idris Novotny
1072,Dalia Castaneda
1073,Willa Lefebvre
1074,Noor Sorensen
1075,Rafael Eriksen
1076,Liora Castaneda
1077,Larisa Ohlsson
1078,Jonas Yamamoto
1079,Saoirse Eriksen
1080,Uma Adeyemi
1081,Fiona Underwood
1082,Halima Abara
1083,Magnus Tremblay
1084,Juniper Kowalczyk
1085,Zane Ashworth
1086,Ondine Lindgren
1087,Larisa Sorensen
1088,Ximena Ferreira
1089,Devin Castellanos
1090,Freya Lindgren
1091,Magnus Xu
1092,Rania Wainwright
1093,Yusuf Hakimi
1094,Sinead Guerrero
1095,Hana Zabielski
1096,Freya Radcliffe
1097,Fiona Quiroga
1098,Oskar Cortez
1099,Zane Pereira
1100,Mateo Jimenez
